{
  "version": "door010-learned-linear-v1",
  "featureNames": [
    "reciprocal_rank",
    "rrf_score",
    "title_token_overlap",
    "body_token_overlap",
    "tag_token_overlap",
    "title_trigram_similarity",
    "concept_overlap",
    "exact_title_match",
    "query_length_ratio",
    "channel_count"
  ],
  "weights": [
    5.77026328,
    0.31460651,
    1.01610332,
    -1.03529604,
    3.65575775,
    6.11890854,
    0.35615999,
    0.92554143,
    -1.04520183,
    -0.23596671
  ],
  "bias": -3.39721645,
  "trainedAt": "2026-07-17T15:23:15.981Z",
  "trainingCases": 242,
  "validationCases": 46,
  "holdoutCases": 45,
  "splitStrategy": "grouped 70/15/15",
  "bestValidationLoss": 0.254374
}