{
  "version": "door010-learned-linear-v1",
  "featureNames": [
    "reciprocal_rank",
    "rrf_score",
    "title_token_overlap",
    "body_token_overlap",
    "tag_token_overlap",
    "title_trigram_similarity",
    "concept_overlap",
    "exact_title_match",
    "query_length_ratio",
    "channel_count"
  ],
  "weights": [
    3.90284705,
    0.28792104,
    0.28334501,
    -0.73831068,
    3.64875966,
    8.70507311,
    0.50897738,
    0.7345541,
    -1.30964979,
    0.03327032
  ],
  "bias": -2.79443026,
  "trainedAt": "2026-07-17T13:57:04.647Z",
  "trainingCases": 242,
  "validationCases": 46,
  "holdoutCases": 45,
  "splitStrategy": "grouped 70/15/15",
  "bestValidationLoss": 0.363475
}